{
    "name": "root",
    "metadata": {
        "timer_format_version": "0.1.0",
        "start_time_seconds": "1714002939",
        "python_version": "3.8.0 (tags/v3.8.0:fa919fd, Oct 14 2019, 19:37:50) [MSC v.1916 64 bit (AMD64)]",
        "command_line_arguments": "D:\\Unity\\Project\\TestingCarFight\\venv\\Scripts\\mlagents-learn config/botAgent.yaml --run-id=ImitationTest9 --time-scale=2",
        "mlagents_version": "0.29.0",
        "mlagents_envs_version": "0.29.0",
        "communication_protocol_version": "1.5.0",
        "pytorch_version": "2.2.2+cpu",
        "numpy_version": "1.21.2",
        "end_time_seconds": "1714002983"
    },
    "total": 43.974404400000005,
    "count": 1,
    "self": 0.003732800000001646,
    "children": {
        "run_training.setup": {
            "total": 0.04920599999999986,
            "count": 1,
            "self": 0.04920599999999986
        },
        "TrainerController.start_learning": {
            "total": 43.921465600000005,
            "count": 1,
            "self": 0.014538800000138963,
            "children": {
                "TrainerController._reset_env": {
                    "total": 8.593921,
                    "count": 1,
                    "self": 8.085781200000001,
                    "children": {
                        "demo_to_buffer": {
                            "total": 0.5081397999999986,
                            "count": 2,
                            "self": 7.919999999828065e-05,
                            "children": {
                                "load_demonstration": {
                                    "total": 0.00838759999999894,
                                    "count": 2,
                                    "self": 0.00810019999999767,
                                    "children": {
                                        "read_file": {
                                            "total": 0.00028740000000127,
                                            "count": 2,
                                            "self": 0.00028740000000127
                                        }
                                    }
                                },
                                "make_demo_buffer": {
                                    "total": 0.49967300000000137,
                                    "count": 2,
                                    "self": 0.07191940000004138,
                                    "children": {
                                        "steps_from_proto": {
                                            "total": 0.42775359999996,
                                            "count": 5928,
                                            "self": 0.2713619000001053,
                                            "children": {
                                                "_process_rank_one_or_two_observation": {
                                                    "total": 0.1563916999998547,
                                                    "count": 23712,
                                                    "self": 0.1563916999998547
                                                }
                                            }
                                        }
                                    }
                                }
                            }
                        }
                    }
                },
                "TrainerController.advance": {
                    "total": 35.255642999999864,
                    "count": 967,
                    "self": 0.014307099999911088,
                    "children": {
                        "env_step": {
                            "total": 22.909104400000004,
                            "count": 967,
                            "self": 21.716601100000034,
                            "children": {
                                "SubprocessEnvManager._take_step": {
                                    "total": 1.1826416000000535,
                                    "count": 967,
                                    "self": 0.04146289999991559,
                                    "children": {
                                        "TorchPolicy.evaluate": {
                                            "total": 1.1411787000001379,
                                            "count": 967,
                                            "self": 0.25707830000017573,
                                            "children": {
                                                "TorchPolicy.sample_actions": {
                                                    "total": 0.8841003999999621,
                                                    "count": 967,
                                                    "self": 0.8841003999999621
                                                }
                                            }
                                        }
                                    }
                                },
                                "workers": {
                                    "total": 0.009861699999918372,
                                    "count": 966,
                                    "self": 0.0,
                                    "children": {
                                        "worker_root": {
                                            "total": 34.42198330000001,
                                            "count": 966,
                                            "is_parallel": true,
                                            "self": 15.204669899999956,
                                            "children": {
                                                "steps_from_proto": {
                                                    "total": 0.0002807999999996369,
                                                    "count": 1,
                                                    "is_parallel": true,
                                                    "self": 0.00013790000000035718,
                                                    "children": {
                                                        "_process_rank_one_or_two_observation": {
                                                            "total": 0.00014289999999927971,
                                                            "count": 4,
                                                            "is_parallel": true,
                                                            "self": 0.00014289999999927971
                                                        }
                                                    }
                                                },
                                                "UnityEnvironment.step": {
                                                    "total": 19.217032600000053,
                                                    "count": 966,
                                                    "is_parallel": true,
                                                    "self": 0.06162259999990738,
                                                    "children": {
                                                        "UnityEnvironment._generate_step_input": {
                                                            "total": 0.04815430000001264,
                                                            "count": 966,
                                                            "is_parallel": true,
                                                            "self": 0.04815430000001264
                                                        },
                                                        "communicator.exchange": {
                                                            "total": 18.834887700000028,
                                                            "count": 966,
                                                            "is_parallel": true,