{
    "name": "root",
    "metadata": {
        "timer_format_version": "0.1.0",
        "start_time_seconds": "1714000603",
        "python_version": "3.8.0 (tags/v3.8.0:fa919fd, Oct 14 2019, 19:37:50) [MSC v.1916 64 bit (AMD64)]",
        "command_line_arguments": "D:\\Unity\\Project\\TestingCarFight\\venv\\Scripts\\mlagents-learn config/botAgent.yaml --run-id=ImitationTest6",
        "mlagents_version": "0.29.0",
        "mlagents_envs_version": "0.29.0",
        "communication_protocol_version": "1.5.0",
        "pytorch_version": "2.2.2+cpu",
        "numpy_version": "1.21.2",
        "end_time_seconds": "1714000725"
    },
    "total": 122.346383,
    "count": 1,
    "self": 0.0069328000000012935,
    "children": {
        "run_training.setup": {
            "total": 0.05753429999999993,
            "count": 1,
            "self": 0.05753429999999993
        },
        "TrainerController.start_learning": {
            "total": 122.2819159,
            "count": 1,
            "self": 0.032186599999889154,
            "children": {
                "TrainerController._reset_env": {
                    "total": 9.2566549,
                    "count": 1,
                    "self": 8.7561293,
                    "children": {
                        "demo_to_buffer": {
                            "total": 0.5005255999999996,
                            "count": 2,
                            "self": 6.269999999908293e-05,
                            "children": {
                                "load_demonstration": {
                                    "total": 0.00772030000000079,
                                    "count": 2,
                                    "self": 0.007561800000001284,
                                    "children": {
                                        "read_file": {
                                            "total": 0.00015849999999950626,
                                            "count": 2,
                                            "self": 0.00015849999999950626
                                        }
                                    }
                                },
                                "make_demo_buffer": {
                                    "total": 0.4927425999999997,
                                    "count": 2,
                                    "self": 0.0707775999999889,
                                    "children": {
                                        "steps_from_proto": {
                                            "total": 0.4219650000000108,
                                            "count": 5928,
                                            "self": 0.2688103000000073,
                                            "children": {
                                                "_process_rank_one_or_two_observation": {
                                                    "total": 0.15315470000000353,
                                                    "count": 23712,
                                                    "self": 0.15315470000000353
                                                }
                                            }
                                        }
                                    }
                                }
                            }
                        }
                    }
                },
                "TrainerController.advance": {
                    "total": 112.88589540000011,
                    "count": 2434,
                    "self": 0.029411600000244675,
                    "children": {
                        "env_step": {
                            "total": 80.30168789999996,
                            "count": 2434,
                            "self": 77.75007099999995,
                            "children": {
                                "SubprocessEnvManager._take_step": {
                                    "total": 2.530573200000049,
                                    "count": 2434,
                                    "self": 0.09143280000022003,
                                    "children": {
                                        "TorchPolicy.evaluate": {
                                            "total": 2.439140399999829,
                                            "count": 2434,
                                            "self": 0.5375651000000783,
                                            "children": {
                                                "TorchPolicy.sample_actions": {
                                                    "total": 1.9015752999997506,
                                                    "count": 2434,
                                                    "self": 1.9015752999997506
                                                }
                                            }
                                        }
                                    }
                                },
                                "workers": {
                                    "total": 0.021043699999966137,
                                    "count": 2433,
                                    "self": 0.0,
                                    "children": {
                                        "worker_root": {
                                            "total": 110.20205709999975,
                                            "count": 2433,
                                            "is_parallel": true,
                                            "self": 37.56619669999965,
                                            "children": {
                                                "steps_from_proto": {
                                                    "total": 0.0002729999999999677,
                                                    "count": 1,
                                                    "is_parallel": true,
                                                    "self": 0.0001365999999993761,
                                                    "children": {
                                                        "_process_rank_one_or_two_observation": {
                                                            "total": 0.0001364000000005916,
                                                            "count": 4,
                                                            "is_parallel": true,
                                                            "self": 0.0001364000000005916
                                                        }
                                                    }
                                                },
                                                "UnityEnvironment.step": {
                                                    "total": 72.6355874000001,
                                                    "count": 2433,
                                                    "is_parallel": true,
                                                    "self": 0.1272347000004288,
                                                    "children": {
                                                        "UnityEnvironment._generate_step_input": {
                                                            "total": 0.10400999999991889,
                                                            "count": 2433,
                                                            "is_parallel": true,
                                                            "self": 0.10400999999991889
                                                        },
                                                        "communicator.exchange": {
                                                            "total": 71.83856040000012,
                                                            "count": 2433,
                                                            "is_parallel": true,