{
    "name": "root",
    "metadata": {
        "timer_format_version": "0.1.0",
        "start_time_seconds": "1714003192",
        "python_version": "3.8.0 (tags/v3.8.0:fa919fd, Oct 14 2019, 19:37:50) [MSC v.1916 64 bit (AMD64)]",
        "command_line_arguments": "D:\\Unity\\Project\\TestingCarFight\\venv\\Scripts\\mlagents-learn config/botAgent.yaml --time-scale=3 --run-id=ImitationTest12",
        "mlagents_version": "0.29.0",
        "mlagents_envs_version": "0.29.0",
        "communication_protocol_version": "1.5.0",
        "pytorch_version": "2.2.2+cpu",
        "numpy_version": "1.21.2",
        "end_time_seconds": "1714003281"
    },
    "total": 88.9163492,
    "count": 1,
    "self": 0.007141999999987547,
    "children": {
        "run_training.setup": {
            "total": 0.048826499999999884,
            "count": 1,
            "self": 0.048826499999999884
        },
        "TrainerController.start_learning": {
            "total": 88.86038070000001,
            "count": 1,
            "self": 0.004360499999961576,
            "children": {
                "TrainerController._reset_env": {
                    "total": 6.4625275,
                    "count": 1,
                    "self": 5.9639847,
                    "children": {
                        "demo_to_buffer": {
                            "total": 0.49854280000000006,
                            "count": 2,
                            "self": 5.689999999969331e-05,
                            "children": {
                                "load_demonstration": {
                                    "total": 0.007816599999999951,
                                    "count": 2,
                                    "self": 0.007657000000000025,
                                    "children": {
                                        "read_file": {
                                            "total": 0.00015959999999992647,
                                            "count": 2,
                                            "self": 0.00015959999999992647
                                        }
                                    }
                                },
                                "make_demo_buffer": {
                                    "total": 0.4906693000000004,
                                    "count": 2,
                                    "self": 0.07031179999996873,
                                    "children": {
                                        "steps_from_proto": {
                                            "total": 0.4203575000000317,
                                            "count": 5928,
                                            "self": 0.2678267000000183,
                                            "children": {
                                                "_process_rank_one_or_two_observation": {
                                                    "total": 0.1525308000000134,
                                                    "count": 23712,
                                                    "self": 0.1525308000000134
                                                }
                                            }
                                        }
                                    }
                                }
                            }
                        }
                    }
                },
                "TrainerController.advance": {
                    "total": 82.29295140000005,
                    "count": 261,
                    "self": 0.004118400000038491,
                    "children": {
                        "env_step": {
                            "total": 67.29233789999999,
                            "count": 261,
                            "self": 66.87568929999993,
                            "children": {
                                "SubprocessEnvManager._take_step": {
                                    "total": 0.41386710000004445,
                                    "count": 261,
                                    "self": 0.013259200000042881,
                                    "children": {
                                        "TorchPolicy.evaluate": {
                                            "total": 0.40060790000000157,
                                            "count": 261,
                                            "self": 0.07710630000002361,
                                            "children": {
                                                "TorchPolicy.sample_actions": {
                                                    "total": 0.32350159999997796,
                                                    "count": 261,
                                                    "self": 0.32350159999997796
                                                }
                                            }
                                        }
                                    }
                                },
                                "workers": {
                                    "total": 0.002781500000012649,
                                    "count": 260,
                                    "self": 0.0,
                                    "children": {
                                        "worker_root": {
                                            "total": 18.99922740000001,
                                            "count": 260,
                                            "is_parallel": true,
                                            "self": 16.659699700000015,
                                            "children": {
                                                "steps_from_proto": {
                                                    "total": 0.00032129999999952474,
                                                    "count": 1,
                                                    "is_parallel": true,
                                                    "self": 0.00013849999999848706,
                                                    "children": {
                                                        "_process_rank_one_or_two_observation": {
                                                            "total": 0.0001828000000010377,
                                                            "count": 4,
                                                            "is_parallel": true,
                                                            "self": 0.0001828000000010377
                                                        }
                                                    }
                                                },
                                                "UnityEnvironment.step": {
                                                    "total": 2.339206399999994,
                                                    "count": 260,
                                                    "is_parallel": true,
                                                    "self": 0.025491399999979514,
                                                    "children": {
                                                        "UnityEnvironment._generate_step_input": {
                                                            "total": 0.03515080000000115,
                                                            "count": 260,
                                                            "is_parallel": true,
                                                            "self": 0.03515080000000115
                                                        },
                                                        "communicator.exchange": {
                                                            "total": 2.185178200000016,
                                                            "count": 260,
                                                            "is_parallel": true,