{
    "name": "root",
    "metadata": {
        "timer_format_version": "0.1.0",
        "start_time_seconds": "1714000449",
        "python_version": "3.8.0 (tags/v3.8.0:fa919fd, Oct 14 2019, 19:37:50) [MSC v.1916 64 bit (AMD64)]",
        "command_line_arguments": "D:\\Unity\\Project\\TestingCarFight\\venv\\Scripts\\mlagents-learn --run-id=SampleRun7 --time-scale=1",
        "mlagents_version": "0.29.0",
        "mlagents_envs_version": "0.29.0",
        "communication_protocol_version": "1.5.0",
        "pytorch_version": "2.2.2+cpu",
        "numpy_version": "1.21.2",
        "end_time_seconds": "1714000515"
    },
    "total": 65.89920190000001,
    "count": 1,
    "self": 0.0062096999999994296,
    "children": {
        "run_training.setup": {
            "total": 0.020345000000000057,
            "count": 1,
            "self": 0.020345000000000057
        },
        "TrainerController.start_learning": {
            "total": 65.8726472,
            "count": 1,
            "self": 0.025753099999931806,
            "children": {
                "TrainerController._reset_env": {
                    "total": 5.1434695,
                    "count": 1,
                    "self": 5.1434695
                },
                "TrainerController.advance": {
                    "total": 60.59405180000008,
                    "count": 1468,
                    "self": 0.02591780000012278,
                    "children": {
                        "env_step": {
                            "total": 60.43721689999993,
                            "count": 1468,
                            "self": 58.27649379999997,
                            "children": {
                                "SubprocessEnvManager._take_step": {
                                    "total": 2.143094299999996,
                                    "count": 1468,
                                    "self": 0.07147459999990335,
                                    "children": {
                                        "TorchPolicy.evaluate": {
                                            "total": 2.0716197000000927,
                                            "count": 1468,
                                            "self": 0.46360500000018234,
                                            "children": {
                                                "TorchPolicy.sample_actions": {
                                                    "total": 1.6080146999999103,
                                                    "count": 1468,
                                                    "self": 1.6080146999999103
                                                }
                                            }
                                        }
                                    }
                                },
                                "workers": {
                                    "total": 0.017628799999963363,
                                    "count": 1467,
                                    "self": 0.0,
                                    "children": {
                                        "worker_root": {
                                            "total": 43.87581709999996,
                                            "count": 1467,
                                            "is_parallel": true,
                                            "self": 3.9859524000000306,
                                            "children": {
                                                "steps_from_proto": {
                                                    "total": 0.0002725000000003419,
                                                    "count": 1,
                                                    "is_parallel": true,
                                                    "self": 0.00012820000000068887,
                                                    "children": {
                                                        "_process_rank_one_or_two_observation": {
                                                            "total": 0.00014429999999965304,
                                                            "count": 4,
                                                            "is_parallel": true,
                                                            "self": 0.00014429999999965304
                                                        }
                                                    }
                                                },
                                                "UnityEnvironment.step": {
                                                    "total": 39.88959219999993,
                                                    "count": 1467,
                                                    "is_parallel": true,
                                                    "self": 0.11013239999991953,
                                                    "children": {
                                                        "UnityEnvironment._generate_step_input": {
                                                            "total": 0.08143730000003302,
                                                            "count": 1467,
                                                            "is_parallel": true,
                                                            "self": 0.08143730000003302
                                                        },
                                                        "communicator.exchange": {
                                                            "total": 39.20536350000004,
                                                            "count": 1467,
                                                            "is_parallel": true,
                                                            "self": 39.20536350000004
                                                        },
                                                        "steps_from_proto": {
                                                            "total": 0.4926589999999429,
                                                            "count": 1467,
                                                            "is_parallel": true,
                                                            "self": 0.2790435000000544,
                                                            "children": {
                                                                "_process_rank_one_or_two_observation": {
                                                                    "total": 0.2136154999998885,
                                                                    "count": 5868,
                                                                    "is_parallel": true,
                                                                    "self": 0.2136154999998885
                                                                }
                                                            }
                                                        }
                                                    }
                                                }
                                            }
                                        }
                                    }
                                }
                            }
                        },
                        "trainer_advance": {
                            "total": 0.13091710000002532,
                            "count": 1467,
                            "self": 0.03226830000019909,
                            "children": {
                                "process_trajectory": {
                                    "total": 0.09864879999982623,
                                    "count": 1467,
                                    "self": 0.09864879999982623
                                }
                            }
                        }
                    }
                },