{
    "name": "root",
    "metadata": {
        "timer_format_version": "0.1.0",
        "start_time_seconds": "1714000824",
        "python_version": "3.8.0 (tags/v3.8.0:fa919fd, Oct 14 2019, 19:37:50) [MSC v.1916 64 bit (AMD64)]",
        "command_line_arguments": "D:\\Unity\\Project\\TestingCarFight\\venv\\Scripts\\mlagents-learn config/botAgent.yaml --run-id=ImitationTest7 --time-scale=1",
        "mlagents_version": "0.29.0",
        "mlagents_envs_version": "0.29.0",
        "communication_protocol_version": "1.5.0",
        "pytorch_version": "2.2.2+cpu",
        "numpy_version": "1.21.2",
        "end_time_seconds": "1714000921"
    },
    "total": 96.9120483,
    "count": 1,
    "self": 0.007819699999998875,
    "children": {
        "run_training.setup": {
            "total": 0.04996390000000006,
            "count": 1,
            "self": 0.04996390000000006
        },
        "TrainerController.start_learning": {
            "total": 96.8542647,
            "count": 1,
            "self": 0.0046249000000671,
            "children": {
                "TrainerController._reset_env": {
                    "total": 5.2826002999999995,
                    "count": 1,
                    "self": 4.778135699999999,
                    "children": {
                        "demo_to_buffer": {
                            "total": 0.5044646000000004,
                            "count": 2,
                            "self": 6.320000000048509e-05,
                            "children": {
                                "load_demonstration": {
                                    "total": 0.007984300000000388,
                                    "count": 2,
                                    "self": 0.007831999999999617,
                                    "children": {
                                        "read_file": {
                                            "total": 0.00015230000000077126,
                                            "count": 2,
                                            "self": 0.00015230000000077126
                                        }
                                    }
                                },
                                "make_demo_buffer": {
                                    "total": 0.4964170999999995,
                                    "count": 2,
                                    "self": 0.07133890000000509,
                                    "children": {
                                        "steps_from_proto": {
                                            "total": 0.4250781999999944,
                                            "count": 5928,
                                            "self": 0.26991630000012723,
                                            "children": {
                                                "_process_rank_one_or_two_observation": {
                                                    "total": 0.15516189999986718,
                                                    "count": 23712,
                                                    "self": 0.15516189999986718
                                                }
                                            }
                                        }
                                    }
                                }
                            }
                        }
                    }
                },
                "TrainerController.advance": {
                    "total": 91.45661219999994,
                    "count": 338,
                    "self": 0.0041478999999071675,
                    "children": {
                        "env_step": {
                            "total": 89.73225420000003,
                            "count": 338,
                            "self": 89.39570649999999,
                            "children": {
                                "SubprocessEnvManager._take_step": {
                                    "total": 0.3336108000000282,
                                    "count": 338,
                                    "self": 0.011922300000085428,
                                    "children": {
                                        "TorchPolicy.evaluate": {
                                            "total": 0.32168849999994276,
                                            "count": 338,
                                            "self": 0.07530959999990561,
                                            "children": {
                                                "TorchPolicy.sample_actions": {
                                                    "total": 0.24637890000003715,
                                                    "count": 338,
                                                    "self": 0.24637890000003715
                                                }
                                            }
                                        }
                                    }
                                },
                                "workers": {
                                    "total": 0.0029369000000123435,
                                    "count": 337,
                                    "self": 0.0,
                                    "children": {
                                        "worker_root": {
                                            "total": 31.205185200000027,
                                            "count": 337,
                                            "is_parallel": true,
                                            "self": 3.245959500000083,
                                            "children": {
                                                "steps_from_proto": {
                                                    "total": 0.00027519999999991995,
                                                    "count": 1,
                                                    "is_parallel": true,
                                                    "self": 0.0001401999999988135,
                                                    "children": {
                                                        "_process_rank_one_or_two_observation": {
                                                            "total": 0.00013500000000110646,
                                                            "count": 4,
                                                            "is_parallel": true,
                                                            "self": 0.00013500000000110646
                                                        }
                                                    }
                                                },
                                                "UnityEnvironment.step": {
                                                    "total": 27.958950499999943,
                                                    "count": 337,
                                                    "is_parallel": true,
                                                    "self": 0.019523800000051494,
                                                    "children": {
                                                        "UnityEnvironment._generate_step_input": {
                                                            "total": 0.01352149999992669,
                                                            "count": 337,
                                                            "is_parallel": true,
                                                            "self": 0.01352149999992669
                                                        },
                                                        "communicator.exchange": {
                                                            "total": 27.847251299999968,
                                                            "count": 337,
                                                            "is_parallel": true,