{
    "name": "root",
    "metadata": {
        "timer_format_version": "0.1.0",
        "start_time_seconds": "1714003114",
        "python_version": "3.8.0 (tags/v3.8.0:fa919fd, Oct 14 2019, 19:37:50) [MSC v.1916 64 bit (AMD64)]",
        "command_line_arguments": "D:\\Unity\\Project\\TestingCarFight\\venv\\Scripts\\mlagents-learn config/botAgent.yaml --time-scale=3 --run-id=ImitationTest11",
        "mlagents_version": "0.29.0",
        "mlagents_envs_version": "0.29.0",
        "communication_protocol_version": "1.5.0",
        "pytorch_version": "2.2.2+cpu",
        "numpy_version": "1.21.2",
        "end_time_seconds": "1714003187"
    },
    "total": 72.66069900000001,
    "count": 1,
    "self": 0.007676900000006981,
    "children": {
        "run_training.setup": {
            "total": 0.04973570000000005,
            "count": 1,
            "self": 0.04973570000000005
        },
        "TrainerController.start_learning": {
            "total": 72.6032864,
            "count": 1,
            "self": 0.012889299999926607,
            "children": {
                "TrainerController._reset_env": {
                    "total": 5.384562600000001,
                    "count": 1,
                    "self": 4.887084700000001,
                    "children": {
                        "demo_to_buffer": {
                            "total": 0.4974778999999998,
                            "count": 2,
                            "self": 6.180000000099994e-05,
                            "children": {
                                "load_demonstration": {
                                    "total": 0.007974299999999879,
                                    "count": 2,
                                    "self": 0.00783350000000027,
                                    "children": {
                                        "read_file": {
                                            "total": 0.0001407999999996079,
                                            "count": 2,
                                            "self": 0.0001407999999996079
                                        }
                                    }
                                },
                                "make_demo_buffer": {
                                    "total": 0.4894417999999989,
                                    "count": 2,
                                    "self": 0.07010179999997579,
                                    "children": {
                                        "steps_from_proto": {
                                            "total": 0.41934000000002314,
                                            "count": 5928,
                                            "self": 0.26640029999997505,
                                            "children": {
                                                "_process_rank_one_or_two_observation": {
                                                    "total": 0.15293970000004808,
                                                    "count": 23712,
                                                    "self": 0.15293970000004808
                                                }
                                            }
                                        }
                                    }
                                }
                            }
                        }
                    }
                },
                "TrainerController.advance": {
                    "total": 67.09417840000008,
                    "count": 898,
                    "self": 0.012611600000070666,
                    "children": {
                        "env_step": {
                            "total": 54.835468000000034,
                            "count": 898,
                            "self": 53.82518180000004,
                            "children": {
                                "SubprocessEnvManager._take_step": {
                                    "total": 1.0017078999999978,
                                    "count": 898,
                                    "self": 0.0366104000000238,
                                    "children": {
                                        "TorchPolicy.evaluate": {
                                            "total": 0.965097499999974,
                                            "count": 898,
                                            "self": 0.21842849999996883,
                                            "children": {
                                                "TorchPolicy.sample_actions": {
                                                    "total": 0.7466690000000051,
                                                    "count": 898,
                                                    "self": 0.7466690000000051
                                                }
                                            }
                                        }
                                    }
                                },
                                "workers": {
                                    "total": 0.008578299999994599,
                                    "count": 897,
                                    "self": 0.0,
                                    "children": {
                                        "worker_root": {
                                            "total": 24.919311700000016,
                                            "count": 897,
                                            "is_parallel": true,
                                            "self": 14.877139300000017,
                                            "children": {
                                                "steps_from_proto": {
                                                    "total": 0.0002886999999995865,
                                                    "count": 1,
                                                    "is_parallel": true,
                                                    "self": 0.00014369999999885863,
                                                    "children": {
                                                        "_process_rank_one_or_two_observation": {
                                                            "total": 0.00014500000000072788,
                                                            "count": 4,
                                                            "is_parallel": true,
                                                            "self": 0.00014500000000072788
                                                        }
                                                    }
                                                },
                                                "UnityEnvironment.step": {
                                                    "total": 10.041883699999998,
                                                    "count": 897,
                                                    "is_parallel": true,
                                                    "self": 0.05946440000006881,
                                                    "children": {
                                                        "UnityEnvironment._generate_step_input": {
                                                            "total": 0.047680699999953724,
                                                            "count": 897,
                                                            "is_parallel": true,
                                                            "self": 0.047680699999953724
                                                        },
                                                        "communicator.exchange": {
                                                            "total": 9.66512499999997,
                                                            "count": 897,
                                                            "is_parallel": true,