{
    "name": "root",
    "metadata": {
        "timer_format_version": "0.1.0",
        "start_time_seconds": "1714002839",
        "python_version": "3.8.0 (tags/v3.8.0:fa919fd, Oct 14 2019, 19:37:50) [MSC v.1916 64 bit (AMD64)]",
        "command_line_arguments": "D:\\Unity\\Project\\TestingCarFight\\venv\\Scripts\\mlagents-learn config/botAgent.yaml --run-id=ImitationTest8 --time-scale=2",
        "mlagents_version": "0.29.0",
        "mlagents_envs_version": "0.29.0",
        "communication_protocol_version": "1.5.0",
        "pytorch_version": "2.2.2+cpu",
        "numpy_version": "1.21.2",
        "end_time_seconds": "1714002897"
    },
    "total": 58.3232185,
    "count": 1,
    "self": 0.0035269000000042183,
    "children": {
        "run_training.setup": {
            "total": 0.048739099999999924,
            "count": 1,
            "self": 0.048739099999999924
        },
        "TrainerController.start_learning": {
            "total": 58.2709525,
            "count": 1,
            "self": 0.022563699999970765,
            "children": {
                "TrainerController._reset_env": {
                    "total": 5.1915581,
                    "count": 1,
                    "self": 4.7159426,
                    "children": {
                        "demo_to_buffer": {
                            "total": 0.47561549999999997,
                            "count": 2,
                            "self": 5.859999999913157e-05,
                            "children": {
                                "load_demonstration": {
                                    "total": 0.007766400000000395,
                                    "count": 2,
                                    "self": 0.007604199999999395,
                                    "children": {
                                        "read_file": {
                                            "total": 0.00016220000000100043,
                                            "count": 2,
                                            "self": 0.00016220000000100043
                                        }
                                    }
                                },
                                "make_demo_buffer": {
                                    "total": 0.46779050000000044,
                                    "count": 2,
                                    "self": 0.06615289999996143,
                                    "children": {
                                        "steps_from_proto": {
                                            "total": 0.401637600000039,
                                            "count": 5928,
                                            "self": 0.2560607000000008,
                                            "children": {
                                                "_process_rank_one_or_two_observation": {
                                                    "total": 0.1455769000000382,
                                                    "count": 23712,
                                                    "self": 0.1455769000000382
                                                }
                                            }
                                        }
                                    }
                                }
                            }
                        }
                    }
                },
                "TrainerController.advance": {
                    "total": 52.99541690000003,
                    "count": 1409,
                    "self": 0.020511500000075955,
                    "children": {
                        "env_step": {
                            "total": 31.591734299999864,
                            "count": 1409,
                            "self": 29.78297109999999,
                            "children": {
                                "SubprocessEnvManager._take_step": {
                                    "total": 1.7936207000000106,
                                    "count": 1409,
                                    "self": 0.06234140000008548,
                                    "children": {
                                        "TorchPolicy.evaluate": {
                                            "total": 1.7312792999999251,
                                            "count": 1409,
                                            "self": 0.39040049999999393,
                                            "children": {
                                                "TorchPolicy.sample_actions": {
                                                    "total": 1.3408787999999312,
                                                    "count": 1409,
                                                    "self": 1.3408787999999312
                                                }
                                            }
                                        }
                                    }
                                },
                                "workers": {
                                    "total": 0.015142499999861059,
                                    "count": 1408,
                                    "self": 0.0,
                                    "children": {
                                        "worker_root": {
                                            "total": 45.47388559999993,
                                            "count": 1408,
                                            "is_parallel": true,
                                            "self": 23.01938989999985,
                                            "children": {
                                                "steps_from_proto": {
                                                    "total": 0.0002775999999995449,
                                                    "count": 1,
                                                    "is_parallel": true,
                                                    "self": 0.00013689999999844105,
                                                    "children": {
                                                        "_process_rank_one_or_two_observation": {
                                                            "total": 0.00014070000000110383,
                                                            "count": 4,
                                                            "is_parallel": true,
                                                            "self": 0.00014070000000110383
                                                        }
                                                    }
                                                },
                                                "UnityEnvironment.step": {
                                                    "total": 22.45421810000008,
                                                    "count": 1408,
                                                    "is_parallel": true,
                                                    "self": 0.09354730000003286,
                                                    "children": {
                                                        "UnityEnvironment._generate_step_input": {
                                                            "total": 0.07142780000004212,
                                                            "count": 1408,
                                                            "is_parallel": true,
                                                            "self": 0.07142780000004212
                                                        },
                                                        "communicator.exchange": {
                                                            "total": 21.87954689999996,
                                                            "count": 1408,
                                                            "is_parallel": true,